mobile,password
1,1
9748295625,k4x6y45p
9617977604,yp3wagdl
9495591563,pmfzgm43
9017539603,v29iv8rf
9292493193,14ractin
9617524044,4jocjolp
9105655010,47ztq4c0
9991842892,22g3wt73
9443639558,o7oz715e
9036144353,7jahp2a4
9257745957,gwtkn6t8
9124231353,bor5736u
9822248768,hsqjd5ck
9875450833,9hufu19u
9345043458,195136zt
9240813449,wssyttb5
9778708087,29v8bjdo
9103807459,v44rsmvy
9742947590,rccanfa4
9561753061,cbe6unbq
9877241651,xqvln7t0
9262536858,fu44lf7e
9622373475,u5mc7550
9185778124,y1fevtxo
9803864418,yy2xqmgr
9356208894,k27y87ti
9717578353,jy8ajtdu
9207844071,iu1tbx99
9817853895,6vylixnh
9976288408,rdv9kj45
9131329570,3s3jri8f
9168783210,y7mymkub
9753118552,8f0psbhc
9980319291,zronaxha
9331275339,lzitipui
9775314085,ac7akai8
9552110785,sbnognsy
9400009333,vdduxu35
9368713017,ad5oefcg
9428533908,wjb9wr2s
9730631083,rzeacosn
9388274282,jyq25mzi
9919093609,pfv9iijz
9342332166,iywl3reu
9698755288,k1iuyia5
9724305394,wmna3ypo
9160937669,rx8qx6xl
9251015874,mz607q8n
9828152631,9ccbdk94
9317965073,nxge2o5s
9397234463,wtfygqtk
9069044222,056tzw4h
9742265809,3xrfpspd
9432477616,63ay8vz2
9862369382,u3cthepp
9640904924,lsytxxkt
9219183907,ibxnkp58
9144183312,vxaw74c5
9667989555,l39tkc7z
9690267871,6pcaots4
9654393594,uvcotxed
9195339598,xifulyx0
9598023553,283qa8x7
9108679712,gw0bknh3
9403639745,1pl3kmgb
9345932091,h5u0tep5
9640392490,7jz15w3c
9390843805,m6ordkm2
9638410252,tzz9kgyp
9008785853,2ppx01cn
9808580254,q2twg5ho
9066582051,kiwgxs77
9166716132,zvqwgrog
9006184649,j2so8grv
9601863583,cy3ve0el
9666323141,imjb2rlc
9927078365,6lkthj79
9081584629,n76u4o3t
9265511738,3os6plrg
9467203528,i1q3iidv
9508465375,qo54pl52
9933777824,4wo7ehuy
9713543410,egi1p4kd
9787782091,um1j2w8m
9505692899,uky9avzy
9491394025,owrl8jbm
9460733282,81b3ixpt
9714964015,b2yq8bd4
9583956140,qkqormc7
9108056557,ed535y1u
9919503500,77co84sg
9268335170,ud6bet94
9029782631,hw71otjy
9457437826,uuckg96i
9176848440,ym3jithg
9251958591,ov9ycemi
9592323977,guzgmyqz
9823533164,p40vi87e
9793785085,6tekihhr
9542775760,s8o5b1uu
9027572718,z1quv4mg
9764796846,4sm5n1qx
9102089003,rdsz4uqn
9696126638,ae2eu3nm
9909749327,kusnsf96
9235585593,dt67uxu8
9673652923,gbzhijqb
9913026246,vsm6hrq4
9097682136,d5tabex2
9803473579,ge4kwjf1
9334185716,lfs0azdj
9941530768,m7w2tj4t
9666634128,1b9w0dtd
9252411572,6xj8q3ub
9954214267,ylbvxi8o
9498335228,dk9247jp
9129993692,tzbgo6cs
9519346055,3ad5e7jq
9061782935,65bnadl3
9052357548,7yf93p56
9741412114,9ohcfpln
9265785414,bksx2ibb
9487258953,glr6afbz
9441925715,t0e52lkd
9406041429,ryymezs4
9891686690,ezkwe6o8
9018111943,oprko1qd
9806343412,yegc81e5
9429963515,xf5lw1zq
9211072891,kk87ou52
9034661493,yt11afwx
9705351420,rsboar8p
9106659497,4s7d34hu
9604252643,t4cx3r5m
9711367493,y3hr3483
9698797490,huxx1tg5
9705583830,fua0w8oi
9071952721,zd667zhm
9344109867,me75tg6l
9916495188,ag59a7rd
9776023662,lp8o3jvw
9733232309,a22te0yk
9284375746,w99gk4yr
9264172587,l93zy0tw
9864090575,hc9h4cet
9524734743,c7h7a59r
9229366482,p2pbei9b
9991635466,zthk29sc
9035479312,qltufsvw
9402044122,xs3se6e6
9993213288,8w1e61r1
9908562864,dk9qsqhs
9691554787,rp1k9w8k
9397475527,q504cn11
9344751065,pcimlc2l
9093766623,kn91sjsy
9846341069,mxnwai9k
9330447805,tfmjo5xv
9940171171,791i849l
9570990201,h10zw8n4
9385615518,lpgve2uk
9987706436,89mu8vd6
9548151688,vybugmmw
9114634432,2i9n0qy1
9967303319,2ckvq7yq
9321228299,oht7tdt6
9996937631,petwcpy4
9063428849,dgso2utd
9928515148,daatd1x9
9918356833,kqw9pb5n
9357826703,7ql6q0vc
9505800196,tlilfi2j
9651597620,b0rapu96
9143023968,h7uwjndb
9425511535,s8620crg
9964065735,t8l03471
9266291270,t0kl2roq
9536392981,nen69ayp
9914939645,6nznwlsd
9097208930,0mg7sqtk
9307233243,xvrqyjs1
9316128499,3jkvhfe9
9775271287,0pnjmhcu
9460520636,23tpwx4e
9628079661,gm4vbso9
9071948114,xk8cjcqs
9117722455,9x60p56c
9537326637,2anpf9e4
9780913220,eoiymqmp
9473136613,ie3amv84
9918853754,yjk2shmk
9591100546,jexyv5m2
9621542024,23dhw3q0
9737984713,cljzfzgt
9351062354,mcfgacnb
9731900853,11n7z1hh
9790618698,cy29ws17
9678201592,js3815cw
9368145685,7cmybg6i
9162470473,6dtr73hq
